Town,Crime_Score,Crime_Rate_Per_1000,Total_Crime_Weight,Population,High_Severity_Score,Medium_Severity_Score,Low_Severity_Score,High_Severity_Per_1000,Medium_Severity_Per_1000,Low_Severity_Per_1000,High_Severity_Count,Medium_Severity_Count,Low_Severity_Count
Abington,33.9,6.612053832650673,113.0,17090,37.5,34.2,26.0,0.3510825043885313,0.994733762434172,1.8724400234055003,6.0,17.0,32.0
Acton,70.7,2.9748563511145525,73.0,24539,77.3,56.2,61.2,0.08150291372916582,0.5705203961041607,0.8557805941562411,2.0,14.0,21.0
Acushnet,72.7,2.710280373831776,29.0,10700,45.4,79.9,80.9,0.2803738317757009,0.2803738317757009,0.4672897196261682,3.0,3.0,5.0
Adams,10.2,12.887887887887887,103.0,7992,19.7,6.9,12.7,0.6256256256256256,2.3773773773773774,2.627627627627628,5.0,19.0,21.0
Agawam,37.5,6.191519705033219,178.0,28749,45.7,28.3,42.8,0.27827054854081884,1.1478660127308775,1.3565689241364918,8.0,33.0,39.0
Amesbury,28.0,7.265709258102969,128.0,17617,71.4,13.5,39.5,0.1135267071578589,1.7596639609468125,1.4190838394732361,2.0,31.0,25.0
Amherst,53.9,4.4158188782356245,181.0,40989,56.6,84.9,11.5,0.19517431506013808,0.21957110444265535,2.7812339896069678,8.0,9.0,114.0
Andover,56.6,4.062068405231944,150.0,36927,58.2,50.7,47.4,0.1895631922441574,0.6228504888022314,1.2457009776044627,7.0,23.0,46.0
Arlington,87.8,1.8042112412973341,85.0,47112,64.1,77.6,93.8,0.14858210222448634,0.2971642044489727,0.16980811682798438,7.0,14.0,8.0
Ashburnham,63.5,3.526525605642441,23.0,6522,90.6,51.3,30.3,0.0,0.6133088009812941,1.6865992026985586,0.0,4.0,11.0
Ashby,44.1,5.198776758409786,17.0,3270,90.6,38.2,15.1,0.0,0.9174311926605505,2.4464831804281344,0.0,3.0,8.0
Ashland,86.8,1.9081016966634006,37.0,19391,73.4,81.2,72.7,0.1031406322520757,0.25785158063018926,0.6188437935124542,2.0,5.0,12.0
Athol,36.5,6.278397356464271,76.0,12105,22.4,42.1,57.2,0.5782734407269723,0.8261049153242462,0.9087154068566707,7.0,10.0,11.0
Attleboro,37.8,6.137835828820219,289.0,47085,28.0,35.5,59.9,0.4672400976956568,0.9769565679091006,0.8707656366146331,22.0,46.0,41.0
Auburn,28.6,7.215840212434336,125.0,17323,32.9,37.5,15.5,0.4040870518963228,0.923627547191595,2.424522311377937,7.0,16.0,42.0
Avon,36.8,6.248698187877525,30.0,4801,14.5,50.3,92.1,0.8331597583836701,0.6248698187877526,0.20828993959591752,4.0,3.0,1.0
Ayer,54.3,4.328523862375139,39.0,9010,40.5,74.3,31.6,0.3329633740288568,0.3329633740288568,1.664816870144284,3.0,3.0,15.0
Barnstable,11.2,12.301579338162991,613.0,49831,13.2,10.5,22.7,0.8629166583050711,2.006782926290863,1.966647267765046,43.0,100.0,98.0
Barre,18.4,9.234594210619782,52.0,5631,9.5,38.8,48.0,1.0655301012253595,0.887941751021133,1.2431184514295863,6.0,5.0,7.0
Becket,55.6,4.162330905306972,8.0,1922,90.6,32.9,53.3,0.0,1.040582726326743,1.040582726326743,0.0,2.0,2.0
Bedford,94.1,1.0698762955533265,16.0,14955,66.1,95.4,83.9,0.13373453694416582,0.0,0.40120361083249745,2.0,0.0,6.0
Belchertown,79.9,2.276867030965392,35.0,15372,78.9,69.1,63.8,0.06505334374186833,0.39032006245121,0.78064012490242,1.0,6.0,12.0
Bellingham,35.9,6.334037115235026,114.0,17998,20.4,57.6,32.6,0.611179019891099,0.55561729081009,1.611290143349261,11.0,10.0,29.0
Belmont,95.4,1.0203337949129072,28.0,27442,78.0,85.2,97.7,0.07288098535092194,0.21864295605276582,0.0,2.0,6.0,0.0
Berkley,65.8,3.337202553685432,23.0,6892,64.8,54.9,60.5,0.14509576320371445,0.5803830528148578,0.8705745792222868,1.0,4.0,6.0
Berlin,84.2,2.012072434607646,7.0,3479,90.6,95.4,21.1,0.0,0.0,2.012072434607646,0.0,0.0,7.0
Bernardston,48.0,4.741583688952111,10.0,2109,90.6,36.5,25.3,0.0,0.948316737790422,1.896633475580844,0.0,2.0,4.0
Beverly,31.9,6.709390833583972,290.0,43223,35.5,23.4,58.2,0.37017328737015015,1.3187423362561599,0.902297387964741,16.0,57.0,39.0
Billerica,53.0,4.513937363302155,194.0,42978,53.3,37.2,75.7,0.2326771836753688,0.9307087347014752,0.5584252408208852,10.0,40.0,24.0
Blackstone,42.1,5.653936419884787,53.0,9374,73.0,16.1,88.8,0.10667804565820355,1.6001706848730533,0.3200341369746106,1.0,15.0,3.0
Bolton,95.7,0.860733344809778,5.0,5809,90.6,87.2,87.8,0.0,0.17214666896195557,0.34429333792391115,0.0,1.0,2.0
Boston,12.8,11.825533292350821,7964.0,673458,7.6,20.4,26.6,1.1359282984239554,1.4254786490026103,1.869455853223215,765.0,960.0,1259.0
Bourne,22.7,8.289448020284766,170.0,20508,39.1,22.4,14.1,0.341330212599961,1.365320850399844,2.4868344060854297,7.0,28.0,51.0
Boxborough,81.6,2.15633423180593,12.0,5565,90.6,58.6,77.0,0.0,0.5390835579514826,0.5390835579514826,0.0,3.0,3.0
Boxford,97.7,0.11999040076793857,1.0,8334,90.6,95.4,95.1,0.0,0.0,0.11999040076793857,0.0,0.0,1.0
Boylston,88.8,1.777251184834123,9.0,5064,90.6,53.0,97.7,0.0,0.5924170616113744,0.0,0.0,3.0,0.0
Braintree,10.5,12.623294322072876,494.0,39134,10.5,8.9,40.8,0.9710226401594522,2.1209178719272246,1.4054275054939438,38.0,83.0,55.0
Brewster,71.1,2.871637790753326,30.0,10447,57.2,69.4,64.5,0.1914425193835551,0.3828850387671102,0.7657700775342204,2.0,4.0,8.0
Bridgewater,74.7,2.5713991840093255,75.0,29167,73.7,87.5,36.5,0.10285596736037303,0.17142661226728836,1.5428395104055954,3.0,5.0,45.0
Brimfield,93.8,1.0715242432360033,4.0,3733,90.6,95.4,52.3,0.0,0.0,1.0715242432360033,0.0,0.0,4.0
Brockton,6.6,14.897719968238363,1576.0,105788,9.9,4.3,57.6,0.9830982720157295,3.0249177600483987,0.9074753280145196,104.0,320.0,96.0
Brookfield,57.6,4.0,14.0,3500,44.1,78.8,29.3,0.28571428571428575,0.28571428571428575,1.7142857142857142,1.0,1.0,6.0
Brookline,60.5,3.7700430191630816,241.0,63925,29.6,68.8,83.2,0.4380132968322253,0.39108330074305825,0.4067266327727806,28.0,25.0,26.0
Burlington,39.8,5.893909626719057,159.0,26977,17.1,80.6,34.9,0.704303666085925,0.2594802980316566,1.593950402194462,19.0,7.0,43.0
Cambridge,16.8,10.05066591850544,1218.0,121186,12.2,26.3,27.6,0.907695608403611,1.2295149604739821,1.8236429950654367,110.0,149.0,221.0
Canton,50.7,4.609943170528156,116.0,25163,29.9,47.4,84.2,0.43714978341215277,0.6755951198187815,0.39740889401104795,11.0,17.0,10.0
Carlisle,96.1,0.7523039307880384,4.0,5317,90.6,86.8,93.1,0.0,0.1880759826970096,0.1880759826970096,0.0,1.0,1.0
Carver,57.9,3.977320809003977,47.0,11817,61.2,44.4,61.8,0.16924769400016923,0.7616146230007617,0.8462384700008462,2.0,9.0,10.0
Charlton,72.0,2.7928854916948405,38.0,13606,64.5,65.1,66.1,0.14699397324709687,0.44098191974129064,0.7349698662354843,2.0,6.0,10.0
Chatham,35.2,6.407390850841901,43.0,6711,28.9,32.6,53.0,0.4470272686633885,1.0430636268812397,1.0430636268812397,3.0,7.0,7.0
Chelmsford,25.7,7.631315454766866,282.0,36953,20.1,28.6,51.3,0.6224122534029713,1.1365788975184694,1.1095174951966011,23.0,42.0,41.0
Chelsea,2.0,22.909678220897003,922.0,40245,2.6,2.3,10.9,1.6648030811280905,3.9011057274195555,2.882345632997888,67.0,157.0,116.0
Cheshire,67.8,3.134796238244514,10.0,3190,90.6,49.7,46.4,0.0,0.6269592476489029,1.2539184952978057,0.0,2.0,4.0
Chicopee,10.9,12.404976435961792,687.0,55381,19.4,7.2,14.5,0.6319856990664668,2.2570917823802388,2.4737725934887416,35.0,125.0,137.0
Chilmark,12.2,12.00960768614892,15.0,1249,15.5,15.8,8.2,0.8006405124099278,1.6012810248198557,3.2025620496397114,1.0,2.0,4.0
Clinton,61.5,3.748411689961881,59.0,15740,57.9,45.7,68.1,0.1905972045743329,0.6988564167725541,0.6988564167725541,3.0,11.0,11.0
Cohasset,27.0,7.501172058134084,64.0,8532,11.2,63.8,40.1,0.9376465072667605,0.46882325363338023,1.4064697609001406,8.0,4.0,12.0
Concord,74.0,2.6531063453460093,48.0,18092,72.0,87.8,34.2,0.1105460977227504,0.16581914658412558,1.6029184169798807,2.0,3.0,29.0
Dalton,52.6,4.51758631816715,28.0,6198,41.8,42.8,79.6,0.32268473701193934,0.8067118425298483,0.484027105517909,2.0,5.0,3.0
Danvers,32.9,6.64568030779993,190.0,28590,31.9,30.6,44.4,0.4197271773347324,1.0842952081147255,1.2941587967820916,12.0,31.0,37.0
Dartmouth,25.0,7.733091186033569,264.0,34139,34.5,20.7,32.9,0.38079615688801666,1.4060165792788306,1.6110606637569935,13.0,48.0,55.0
Dedham,49.7,4.630174612517167,118.0,25485,16.1,83.9,92.8,0.7455365901510693,0.23543260741612712,0.19619383951343927,19.0,6.0,5.0
Deerfield,20.1,8.692292833687464,45.0,5177,22.0,44.1,6.6,0.5794861889124976,0.7726482518833301,3.4769171334749855,3.0,4.0,18.0
Dennis,4.9,16.552280985062577,246.0,14862,5.3,4.9,30.6,1.2784282061633696,2.825999192571659,1.6821423765307495,19.0,42.0,25.0
Dighton,63.8,3.504531722054381,29.0,8275,69.4,82.6,18.4,0.12084592145015105,0.2416918429003021,2.175226586102719,1.0,2.0,18.0
Douglas,20.4,8.675412611087602,82.0,9452,42.1,31.9,4.6,0.31739314430808296,1.0579771476936097,3.9145154464663565,3.0,10.0,37.0
Dover,92.8,1.3207858675912167,8.0,6057,90.6,74.7,88.2,0.0,0.3301964668978042,0.3301964668978042,0.0,2.0,2.0
Dracut,71.4,2.850903797161228,94.0,32972,68.4,55.3,78.6,0.1213150551983501,0.576246512192163,0.515588984592988,4.0,19.0,17.0
Dudley,24.3,7.760347129506008,93.0,11984,77.0,11.8,35.2,0.08344459279038718,1.9192256341789051,1.5854472630173564,1.0,23.0,19.0
Dunstable,91.1,1.4285714285714286,5.0,3500,90.6,78.8,75.3,0.0,0.28571428571428575,0.5714285714285715,0.0,1.0,2.0
Duxbury,73.0,2.6866947548391034,44.0,16377,59.9,76.0,61.5,0.18318373328448434,0.30530622214080727,0.8548574219942603,3.0,5.0,14.0
East Bridgewater,78.6,2.341759074316413,34.0,14519,90.6,73.4,43.8,0.0,0.344376334458296,1.3086300709415248,0.0,5.0,19.0
East Brookfield,68.1,3.129190880643719,7.0,2237,90.6,95.4,8.6,0.0,0.0,3.129190880643719,0.0,0.0,7.0
East Longmeadow,78.0,2.3614895549500456,39.0,16515,68.8,71.1,71.1,0.12110202845897669,0.36330608537693004,0.6660611565243718,2.0,6.0,11.0
Eastham,34.2,6.524725274725275,38.0,5824,17.8,60.5,36.2,0.6868131868131868,0.5151098901098902,1.5453296703296702,4.0,3.0,9.0
Easthampton,64.5,3.4332084893882646,55.0,16020,50.7,61.5,68.8,0.24968789013732834,0.4993757802746567,0.686641697877653,4.0,8.0,11.0
Easton,37.2,6.218710888610763,159.0,25568,42.4,24.7,58.6,0.31289111389236546,1.2515644555694618,0.8995619524405507,8.0,32.0,23.0
Edgartown,21.4,8.445945945945946,45.0,5328,34.9,23.7,12.7,0.37537537537537535,1.313813813813814,2.627627627627628,2.0,7.0,14.0
Egremont,8.6,13.818181818181818,19.0,1375,3.3,19.1,18.1,1.4545454545454544,1.4545454545454544,2.181818181818182,2.0,2.0,3.0
Erving,62.8,3.6122817579771223,6.0,1661,90.6,52.3,28.0,0.0,0.6020469596628537,1.8061408789885611,0.0,1.0,3.0
Essex,32.6,6.648936170212766,25.0,3760,48.0,31.6,19.1,0.26595744680851063,1.0638297872340425,2.127659574468085,1.0,4.0,8.0
Everett,11.5,12.291365171249398,637.0,51825,4.9,40.1,7.2,1.2928123492522914,0.8490110950313555,3.2802701398938736,67.0,44.0,170.0
Fairhaven,75.0,2.561699468915964,41.0,16005,59.2,81.6,59.5,0.18744142455482662,0.2499218994064355,0.8747266479225242,3.0,4.0,14.0
Fall River,0.3,32.6753899608191,3094.0,94689,2.0,0.3,12.2,1.8270337631615077,6.94906483329637,2.6930266451224534,173.0,658.0,255.0
Falmouth,22.4,8.336593734011498,277.0,33227,36.5,17.4,27.0,0.3611520751196316,1.5649923255184037,1.8358563818581275,12.0,52.0,61.0
Fitchburg,5.3,15.826313916241546,667.0,42145,10.9,3.9,22.4,0.9491042828330762,3.0371337050658442,1.9693913868786332,40.0,128.0,83.0
Foxborough,26.6,7.503592145175882,141.0,18791,54.9,19.7,18.8,0.2128678622744931,1.4368580703528284,2.128678622744931,4.0,27.0,40.0
Framingham,5.9,15.48506699745096,1136.0,73361,4.6,7.6,16.8,1.3222284320006543,2.2082577936505774,2.2491514564959583,97.0,162.0,165.0
Franklin,58.6,3.8824017544899534,131.0,33742,53.0,48.4,65.5,0.23709323691541698,0.6520064015173967,0.7409163653606781,8.0,22.0,25.0
Freetown,29.3,7.036247334754798,66.0,9380,19.1,49.0,24.7,0.6396588486140725,0.6396588486140725,1.9189765458422174,6.0,6.0,18.0
Gardner,29.9,7.0155745755577374,150.0,21381,20.7,45.1,26.3,0.608016463215004,0.7015574575557738,1.870819886815397,13.0,15.0,40.0
Georgetown,89.5,1.7527459686842721,15.0,8558,70.1,84.2,80.6,0.11684973124561814,0.23369946249123627,0.46739892498247254,1.0,2.0,4.0
Gill,93.1,1.28783000643915,2.0,1553,90.6,95.4,45.1,0.0,0.0,1.28783000643915,0.0,0.0,2.0
Gloucester,24.0,8.035157915450462,245.0,30491,41.1,23.0,16.4,0.3279656292020596,1.3446590797284446,2.3613525302548295,10.0,41.0,72.0
Goshen,99.0,0.0,0.0,942,90.6,95.4,97.7,0.0,0.0,0.0,0.0,0.0,0.0
Grafton,70.4,2.997248427672956,61.0,20352,74.7,62.2,53.6,0.09827044025157233,0.4913522012578616,1.0318396226415094,2.0,10.0,21.0
Granby,44.4,5.112137203166227,31.0,6064,90.6,18.8,71.4,0.0,1.4841688654353562,0.6596306068601583,0.0,9.0,4.0
Great Barrington,9.9,12.974465148378192,94.0,7245,17.4,11.2,5.3,0.6901311249137336,1.932367149758454,3.7267080745341614,5.0,14.0,27.0
Greenfield,3.3,20.529688651959393,362.0,17633,3.9,3.0,4.9,1.4177961776215051,3.1758634378721715,3.913117450235354,25.0,56.0,69.0
Groton,95.1,1.0362694300518134,12.0,11580,76.0,95.4,74.7,0.08635578583765112,0.0,0.6044905008635578,1.0,0.0,7.0
Groveland,75.3,2.4821141772521536,17.0,6849,90.6,54.3,66.8,0.0,0.5840268652358008,0.7300335815447511,0.0,4.0,5.0
Hadley,17.4,9.651778955336866,51.0,5284,23.0,56.6,2.0,0.5677517032551098,0.5677517032551098,5.109765329295987,3.0,3.0,27.0
Halifax,43.1,5.394297456974056,42.0,7786,67.1,28.0,45.4,0.12843565373747753,1.1559208836372976,1.2843565373747752,1.0,9.0,10.0
Hamilton,94.7,1.0430247718383312,8.0,7670,66.4,95.4,85.5,0.1303780964797914,0.0,0.39113428943937417,1.0,0.0,3.0
Hampden,49.3,4.633360193392425,23.0,4964,55.9,33.9,75.0,0.20145044319097502,1.007252215954875,0.6043513295729251,1.0,5.0,3.0
Hanover,61.2,3.761671256801236,56.0,14887,40.1,63.5,70.4,0.33586350507153895,0.4702089071001545,0.6717270101430779,5.0,7.0,10.0
Hanson,58.2,3.918275958578225,42.0,10719,75.7,41.1,56.2,0.09329228472805298,0.8396305625524769,0.9329228472805299,1.0,9.0,10.0
Hardwick,40.5,5.8780308596620126,16.0,2722,35.9,30.3,66.4,0.3673769287288758,1.1021307861866274,0.7347538574577516,1.0,3.0,2.0
Harvard,82.2,2.141633352370074,15.0,7004,44.4,88.8,89.8,0.2855511136493432,0.1427755568246716,0.2855511136493432,2.0,1.0,2.0
Harwich,43.4,5.359765051395007,73.0,13620,36.2,39.5,59.2,0.36710719530102787,0.881057268722467,0.881057268722467,5.0,12.0,12.0
Hatfield,83.2,2.1077988557663354,7.0,3321,90.6,52.0,89.5,0.0,0.6022282445046673,0.30111412225233364,0.0,2.0,1.0
Haverhill,6.2,15.433951765239929,1054.0,68291,8.2,6.6,13.5,1.127527785506143,2.401487750948148,2.59184958486477,77.0,164.0,177.0
Hingham,46.1,4.99713279265995,122.0,24414,25.3,59.2,65.8,0.5324813631522897,0.5324813631522897,0.7372818874416319,13.0,13.0,18.0
Hinsdale,15.5,11.11111111111111,21.0,1890,1.3,95.4,78.0,2.1164021164021167,0.0,0.5291005291005292,4.0,0.0,1.0
Holbrook,67.4,3.1372549019607843,36.0,11475,60.5,65.5,55.3,0.17429193899782133,0.43572984749455335,0.9586056644880174,2.0,5.0,11.0
Holden,73.7,2.656695857522385,54.0,20326,51.6,73.0,84.9,0.24599035717799864,0.3443865000491981,0.3935845714847978,5.0,7.0,8.0
Holland,78.9,2.324680356450988,6.0,2581,90.6,43.8,97.7,0.0,0.7748934521503293,0.0,0.0,2.0,0.0
Holliston,59.5,3.8443995569166614,59.0,15347,66.8,48.7,48.4,0.1303186290480224,0.651593145240112,1.2380269759562128,2.0,10.0,19.0
Holyoke,0.7,29.256303187272053,1107.0,37838,7.2,1.3,0.3,1.162852159205032,4.413552513346372,10.20138485120778,44.0,167.0,386.0
Hopedale,30.9,6.927263730826324,42.0,6063,90.6,34.5,4.3,0.0,0.9896091044037606,3.9584364176150424,0.0,6.0,24.0
Hopkinton,43.8,5.357768764708828,107.0,19971,33.2,45.4,46.7,0.40058084222122076,0.7010164738871364,1.2518151319413149,8.0,14.0,25.0
Hubbardston,96.4,0.6767426122264832,3.0,4433,90.6,95.4,70.1,0.0,0.0,0.6767426122264832,0.0,0.0,3.0
Hudson,23.7,8.102533883323511,165.0,20364,11.8,62.5,23.4,0.9330190532311924,0.4910626595953643,1.9642506383814573,19.0,10.0,40.0
Hull,14.1,11.5781280404748,119.0,10278,10.2,17.8,20.4,0.972951936174353,1.5567230978789648,2.0431990659661414,10.0,16.0,21.0
Ipswich,94.4,1.0630758327427356,15.0,14110,78.3,95.4,67.4,0.07087172218284904,0.0,0.7087172218284905,1.0,0.0,10.0
Kingston,66.1,3.3190430092656618,48.0,14462,32.2,72.7,92.4,0.4148803761582077,0.34573364679850643,0.20744018807910386,6.0,5.0,3.0
Lakeville,41.1,5.790246289349209,71.0,12262,61.8,26.6,44.1,0.1631055292774425,1.2232914695808188,1.30484423421954,2.0,15.0,16.0
Lancaster,70.1,3.0023351495607695,27.0,8993,71.7,57.2,64.1,0.11119759813188035,0.5559879906594017,0.7783831869231626,1.0,5.0,7.0
Lawrence,7.6,14.037522948103703,1254.0,89332,8.9,11.5,11.2,1.0858371020462991,1.9254018716697263,2.8321318228630274,97.0,172.0,253.0
Lee,26.3,7.567757831749384,43.0,5682,37.2,25.7,19.7,0.3519887363604365,1.2319605772615276,2.1119324181626187,2.0,7.0,12.0
Leicester,27.6,7.305773342836779,82.0,11224,25.0,43.1,17.4,0.534568781183179,0.8018531717747684,2.227369921596579,6.0,9.0,25.0
Lenox,42.8,5.520504731861199,28.0,5072,56.2,53.6,11.8,0.1971608832807571,0.5914826498422713,2.7602523659305995,1.0,3.0,14.0
Leominster,5.6,15.720780836481259,695.0,44209,4.3,6.2,35.5,1.3345698839602795,2.488181139586962,1.5833879979189758,59.0,110.0,70.0
Leverett,54.9,4.294149221685454,8.0,1863,24.3,95.4,33.4,0.5367686527106817,0.0,1.6103059581320451,1.0,0.0,3.0
Lexington,85.5,1.957228794289497,68.0,34743,55.6,80.9,93.4,0.20147943470627178,0.2590449874794923,0.17269665831966152,7.0,9.0,6.0
Lincoln,45.7,5.002858776443682,35.0,6996,65.1,39.8,28.9,0.1429388221841052,0.8576329331046312,1.7152658662092624,1.0,6.0,12.0
Littleton,73.4,2.6679371129109097,28.0,10495,90.6,89.8,16.1,0.0,0.09528346831824679,2.38208670795617,0.0,1.0,25.0
Longmeadow,60.2,3.8187372708757636,60.0,15712,57.6,55.9,51.0,0.1909368635437882,0.5728105906313645,1.145621181262729,3.0,9.0,18.0
Lowell,3.6,19.94718397581757,2402.0,120418,5.6,3.6,3.6,1.270574166652826,3.1307611818831074,4.202029596904118,153.0,377.0,506.0
Ludlow,62.2,3.6461786153991853,77.0,21118,65.5,48.0,55.6,0.14205890709347477,0.6629415664362155,0.9470593806231651,3.0,14.0,20.0
Lunenburg,61.8,3.664529024735571,44.0,12007,61.5,66.1,35.9,0.16656950112434413,0.4164237528108603,1.5824102606812693,2.0,5.0,19.0
Lynn,3.9,19.20010822406246,1987.0,103489,3.0,4.6,8.9,1.5074065842746573,2.8505445023142557,3.111441795746408,156.0,295.0,322.0
Lynnfield,92.1,1.3605442176870748,18.0,13230,63.5,88.5,94.4,0.15117157974300832,0.15117157974300832,0.15117157974300832,2.0,2.0,2.0
Malden,17.8,9.446268723854079,630.0,66693,12.5,21.4,63.2,0.8996446403670549,1.3794551152294843,0.8096801763303495,60.0,92.0,54.0
Mansfield,30.3,6.977613490052748,168.0,24077,51.0,22.0,32.2,0.24920048178759813,1.3706026498317896,1.619803131619388,6.0,33.0,39.0
Marblehead,89.8,1.6038102643856922,33.0,20576,75.0,82.2,85.9,0.09720062208398134,0.24300155520995337,0.38880248833592534,2.0,5.0,8.0
Marion,48.4,4.6807713911252575,25.0,5341,35.2,36.8,97.7,0.37446171129002065,0.9361542782250515,0.0,2.0,5.0,0.0
Marlborough,7.2,14.394460385591312,607.0,42169,13.5,5.3,17.1,0.8537076999691717,2.6322654082382795,2.229125661030615,36.0,111.0,94.0
Marshfield,78.3,2.3422800752601467,61.0,26043,70.7,89.5,39.1,0.11519410206197443,0.11519410206197443,1.4207272587643511,3.0,3.0,37.0
Mashpee,34.5,6.523704947681178,101.0,15482,48.7,13.8,97.7,0.258364552383413,1.7439607285880376,0.0,4.0,27.0,0.0
Mattapoisett,32.2,6.653851840899009,45.0,6763,12.8,95.4,17.8,0.8871802454532013,0.0,2.217950613633003,6.0,0.0,15.0
Maynard,31.6,6.839186691312385,74.0,10820,18.8,33.2,76.0,0.6469500924214417,1.0166358595194085,0.55452865064695,7.0,11.0,6.0
Medfield,92.4,1.3499325033748313,18.0,13334,90.6,70.7,91.8,0.0,0.37498125093745316,0.22498875056247186,0.0,5.0,3.0
Medford,30.6,6.945140071454806,416.0,59898,21.7,29.6,70.7,0.5843266887041303,1.1185682326621924,0.6678019299475776,35.0,67.0,40.0
Medway,55.9,4.1196877710320905,57.0,13836,30.6,65.8,72.0,0.43365134431916735,0.43365134431916735,0.6504770164787511,6.0,6.0,9.0
Melrose,64.1,3.473845948293139,104.0,29938,74.0,41.8,80.3,0.1002070946623021,0.8350591221858508,0.4676331084240764,3.0,25.0,14.0
Mendon,74.3,2.63934171712467,17.0,6441,62.5,88.2,41.1,0.1552553951249806,0.1552553951249806,1.3972985561248255,1.0,1.0,9.0
Merrimac,80.9,2.2026431718061676,15.0,6810,90.6,78.0,43.4,0.0,0.2936857562408223,1.3215859030837005,0.0,2.0,9.0
Methuen,96.7,0.6264740566037735,34.0,54272,80.9,90.1,94.1,0.03685141509433962,0.09212853773584906,0.1658313679245283,2.0,5.0,9.0
Middleborough,26.0,7.606552098844931,189.0,24847,25.7,28.9,33.9,0.5232019962168472,1.126896607236286,1.6098522960518373,13.0,28.0,40.0
Middleton,79.3,2.3094688221709005,23.0,9959,90.6,76.6,40.5,0.0,0.30123506376142184,1.4057636308866353,0.0,3.0,14.0
Milford,17.1,9.758485639686684,299.0,30640,31.6,8.6,46.1,0.42428198433420367,2.1214099216710185,1.272845953002611,13.0,65.0,39.0
Millbury,40.8,5.856205461087985,83.0,14173,45.1,49.3,13.8,0.2822267692090595,0.6350102307203839,2.5400409228815355,4.0,9.0,36.0
Millis,76.6,2.4630541871921183,23.0,9338,54.6,95.4,41.4,0.21417862497322768,0.0,1.39216106232598,2.0,0.0,13.0
Millville,39.1,5.961719485409477,19.0,3187,90.6,12.2,89.1,0.0,1.8826482585503608,0.31377470975839344,0.0,6.0,1.0
Milton,67.1,3.1585158446426713,91.0,28811,60.9,57.9,72.4,0.1735448266287182,0.5553434452118982,0.6247613758633855,5.0,16.0,18.0
Monson,4.6,17.270945614894657,141.0,8164,6.6,9.5,2.3,1.224889759921607,2.082312591866732,4.899559039686428,10.0,17.0,40.0
Montague,50.0,4.622496147919877,39.0,8437,16.8,83.2,87.5,0.7111532535261348,0.23705108450871165,0.3555766267630674,6.0,2.0,3.0
Nahant,88.2,1.797483523067705,6.0,3338,90.6,77.0,58.9,0.0,0.2995805871779509,0.8987417615338525,0.0,1.0,3.0
Nantucket,11.8,12.133605998636673,178.0,14670,15.1,18.4,6.2,0.8179959100204499,1.499659168370825,3.5446489434219495,12.0,22.0,52.0
Natick,51.6,4.582484725050916,171.0,37316,38.2,46.1,65.1,0.34837603172901704,0.6967520634580341,0.7503483760317291,13.0,26.0,28.0
Needham,79.6,2.3078558197443138,76.0,32931,79.6,62.8,76.6,0.060733047888008256,0.48586438310406604,0.5465974309920743,2.0,16.0,18.0
New Bedford,3.0,21.230186146587968,2151.0,101318,21.1,1.0,5.6,0.6020647861189522,4.855997947057778,3.6518683748198737,61.0,492.0,370.0
New Braintree,39.5,5.9405940594059405,6.0,1010,90.6,10.9,97.7,0.0,1.9801980198019802,0.0,0.0,2.0,0.0
Newbury,48.7,4.651162790697675,32.0,6880,30.3,54.6,67.1,0.436046511627907,0.5813953488372093,0.7267441860465116,3.0,4.0,5.0
Newburyport,68.8,3.078849866931065,59.0,19163,80.3,50.0,55.9,0.05218389604967907,0.6262067525961489,0.9393101288942233,1.0,12.0,18.0
Newton,71.7,2.8445424476295478,258.0,90700,59.5,61.8,82.9,0.18743109151047407,0.4961411245865491,0.4189636163175303,17.0,45.0,38.0
Norfolk,85.9,1.9227553920749039,23.0,11962,90.6,74.0,56.9,0.0,0.33439224209998325,0.9195786657749541,0.0,4.0,11.0
North Adams,2.3,22.65449887928274,283.0,12492,0.7,9.9,2.6,2.321485750880564,2.0813320525136088,4.803073967339097,29.0,26.0,60.0
North Andover,58.9,3.858721020693947,124.0,32135,51.3,59.9,53.9,0.24894974327057723,0.5290182044499766,1.026917690991131,8.0,17.0,33.0
North Attleborough,66.4,3.236142262095482,101.0,31210,53.6,78.3,47.0,0.22428708747196413,0.28836911246395386,1.2495994873437999,7.0,9.0,39.0
North Brookfield,45.4,5.003126954346467,24.0,4797,14.1,95.4,62.5,0.8338544923910778,0.0,0.8338544923910778,4.0,0.0,4.0
North Reading,90.1,1.5873984980768057,26.0,16379,79.3,81.9,76.3,0.061053788387569446,0.24421515355027779,0.549484095488125,1.0,4.0,9.0
Northampton,8.2,13.82723934216829,433.0,31315,6.2,29.9,3.3,1.245409548139869,1.117675235510139,4.247165894938528,39.0,35.0,133.0
Northborough,19.7,8.697296275288334,138.0,15867,58.9,47.0,1.6,0.18907165815844204,0.6932627465809542,5.672149744753261,3.0,11.0,90.0
Northbridge,60.9,3.7681679526287457,63.0,16719,52.3,71.7,37.2,0.23924875889706324,0.35887313834559487,1.495304743106645,4.0,6.0,25.0
Northfield,72.4,2.7777777777777777,8.0,2880,38.5,72.4,97.7,0.3472222222222222,0.3472222222222222,0.0,1.0,1.0,0.0
Norton,46.7,4.9504950495049505,96.0,19392,62.8,27.3,73.0,0.1547029702970297,1.1860561056105612,0.6188118811881188,3.0,23.0,12.0
Norwell,69.4,3.049577415700967,35.0,11477,37.8,80.3,78.3,0.34852313322296763,0.26139234991722576,0.5227846998344515,4.0,3.0,6.0
Norwood,19.1,9.003903790454604,286.0,31764,26.3,14.8,37.5,0.5037148973680896,1.668555597531797,1.4796625110187633,16.0,53.0,47.0
Oak Bluffs,1.0,28.48159792861106,154.0,5407,1.6,2.6,1.0,1.8494544109487703,3.329017939707786,9.247272054743851,10.0,18.0,50.0
Oakham,99.0,0.0,0.0,1914,90.6,95.4,97.7,0.0,0.0,0.0,0.0,0.0,0.0
Orange,23.4,8.176183568508506,62.0,7583,15.8,37.8,38.2,0.7912435711459844,0.9231174996703152,1.450613213767638,6.0,7.0,11.0
Orleans,33.6,6.630686198920586,43.0,6485,90.6,21.1,14.8,0.0,1.3878180416345411,2.467232074016962,0.0,9.0,16.0
Otis,54.6,4.323656578134651,7.0,1619,90.6,25.3,73.4,0.0,1.2353304508956147,0.6176652254478073,0.0,2.0,1.0
Oxford,42.4,5.554321261941791,75.0,13503,77.6,24.0,39.8,0.07405761682589054,1.2589794860401393,1.4070947196919201,1.0,17.0,19.0
Palmer,1.3,25.34711010655473,314.0,12388,7.9,0.7,3.0,1.1301259283177267,5.085566677429771,4.439780432676784,14.0,63.0,55.0
Paxton,84.9,1.9829466587348803,10.0,5043,90.6,86.5,41.8,0.0,0.198294665873488,1.388062661114416,0.0,1.0,7.0
Peabody,18.8,9.07647334800967,503.0,55418,24.0,20.1,20.1,0.5413403587282111,1.4255296113176223,2.0931827204157494,30.0,79.0,116.0
Pelham,99.0,0.0,0.0,1343,90.6,95.4,97.7,0.0,0.0,0.0,0.0,0.0,0.0
Pembroke,91.4,1.4108964619057955,26.0,18428,90.6,75.3,81.9,0.0,0.32559149120902975,0.4341219882787063,0.0,6.0,8.0
Pepperell,46.4,4.967584406836743,59.0,11877,39.8,53.9,36.8,0.33678538351435544,0.5893744211501221,1.5155342258145996,4.0,7.0,18.0
Phillipston,99.0,0.0,0.0,1759,90.6,95.4,97.7,0.0,0.0,0.0,0.0,0.0,0.0
Pittsfield,14.8,11.386563391387028,491.0,43121,5.9,46.4,9.5,1.2522900674845203,0.6957167041580667,3.037962941490225,54.0,30.0,131.0
Plainville,88.5,1.7880202642296614,18.0,10067,74.3,77.3,84.5,0.09933445912387008,0.2980033773716102,0.3973378364954803,1.0,3.0,4.0
Plymouth,15.1,11.1306121836701,742.0,66663,21.4,7.9,31.9,0.5850321767697223,2.1901204566251145,1.635089929946147,39.0,146.0,109.0
Plympton,24.7,7.75978407557355,23.0,2964,39.5,22.7,20.7,0.3373819163292847,1.3495276653171389,2.0242914979757085,1.0,4.0,6.0
Princeton,80.6,2.2240756185710313,8.0,3597,46.1,95.4,62.2,0.2780094523213789,0.0,0.8340283569641368,1.0,0.0,3.0
Provincetown,1.6,24.67149369804237,92.0,3729,24.7,1.6,0.7,0.5363368195226602,4.022526146419952,9.922231161169213,2.0,15.0,37.0
Quincy,13.5,11.717617031150299,1212.0,103434,6.9,19.4,43.1,1.2085001063480094,1.4405321267668272,1.3535201191097703,125.0,149.0,140.0
Randolph,18.1,9.341003588312354,328.0,35114,22.7,12.8,54.3,0.5695733895312411,1.8226348464999715,1.025232101156234,20.0,64.0,36.0
Raynham,52.3,4.539436353319463,72.0,15861,49.7,46.7,49.7,0.2521909085177479,0.6935249984238068,1.1979068154593027,4.0,11.0,19.0
Reading,68.4,3.110479628278484,81.0,26041,70.4,55.6,63.5,0.11520294919549941,0.576014745977497,0.8064206443684958,3.0,15.0,21.0
Rehoboth,81.9,2.1422767230553297,29.0,13537,90.6,64.8,62.8,0.0,0.44322966683903375,0.8125877225382286,0.0,6.0,11.0
Revere,29.6,7.017890679055056,426.0,60702,48.4,14.1,71.7,0.26358274850911007,1.6803400217455766,0.6589568712727752,16.0,102.0,40.0
Rochester,83.6,2.0215633423180592,12.0,5936,90.6,73.7,54.9,0.0,0.3369272237196766,1.0107816711590296,0.0,2.0,6.0
Rockland,38.8,5.985995030494692,106.0,17708,28.3,33.6,69.7,0.451773209848656,1.0164897221594758,0.677659814772984,8.0,18.0,12.0
Rockport,77.3,2.397405161472289,17.0,7091,90.6,56.9,67.8,0.0,0.5640953321111268,0.7051191651389085,0.0,4.0,5.0
Rowe,12.5,11.933174224343675,5.0,419,0.3,95.4,97.7,2.3866348448687353,0.0,0.0,1.0,0.0,0.0
Royalston,99.0,0.0,0.0,1291,90.6,95.4,97.7,0.0,0.0,0.0,0.0,0.0,0.0
Russell,87.5,1.829268292682927,3.0,1640,90.6,95.4,27.3,0.0,0.0,1.829268292682927,0.0,0.0,3.0
Rutland,57.2,4.04690256303829,39.0,9637,43.1,66.4,47.7,0.3113001971567915,0.4150669295423887,1.245200788627166,3.0,4.0,12.0
Salem,13.8,11.712678153118638,535.0,45677,54.3,5.6,10.5,0.21892856360969418,2.5614641942334218,2.933642752369902,10.0,117.0,134.0
Salisbury,20.7,8.603292618162506,81.0,9415,31.2,16.8,29.9,0.4248539564524695,1.5932023366967605,1.699415825809878,4.0,15.0,16.0
Sandwich,28.3,7.2170478373238405,148.0,20507,34.2,29.3,25.0,0.3901106939093968,1.1215682449895157,1.9017896328083093,8.0,23.0,39.0
Saugus,50.3,4.616073581590824,134.0,29029,43.4,43.4,68.4,0.3100347927934135,0.7923111371387233,0.6889662062075855,9.0,23.0,20.0
Scituate,81.2,2.1941014389223388,43.0,19598,63.2,72.0,87.2,0.15307684457597714,0.3571793040106133,0.3571793040106133,3.0,7.0,7.0
Seekonk,38.2,6.096028154851684,97.0,15912,50.3,42.4,15.8,0.2513826043237808,0.8169934640522876,2.388134741075918,4.0,13.0,38.0
Sharon,97.0,0.5329922183136127,10.0,18762,79.9,95.4,90.8,0.053299221831361265,0.0,0.2664961091568063,1.0,0.0,5.0
Shelburne,21.1,8.537886872998934,16.0,1874,9.2,58.9,34.5,1.0672358591248667,0.5336179295624334,1.6008537886873,2.0,1.0,3.0
Sherborn,65.5,3.3444816053511706,15.0,4485,90.6,64.5,21.4,0.0,0.4459308807134894,2.0066889632107023,0.0,2.0,9.0
Shirley,64.8,3.408122692416927,24.0,7042,30.9,79.6,82.2,0.4260153365521159,0.28401022436807727,0.4260153365521159,3.0,2.0,3.0
Shrewsbury,38.5,6.032306915699142,239.0,39620,23.4,59.5,31.2,0.5552751135790005,0.5300353356890459,1.6658253407370014,22.0,21.0,66.0
Shutesbury,99.0,0.0,0.0,1717,90.6,95.4,97.7,0.0,0.0,0.0,0.0,0.0,0.0
Somerset,44.7,5.061224489795919,93.0,18375,47.4,35.2,64.8,0.27210884353741494,0.9795918367346939,0.761904761904762,5.0,18.0,14.0
Somerville,52.0,4.540530012538193,373.0,82149,27.0,51.6,90.1,0.48692010858318424,0.6086501357289802,0.2799790624353309,40.0,50.0,23.0
South Hadley,53.6,4.436803283234429,80.0,18031,46.4,47.7,52.6,0.2773002052021518,0.6655204924851644,1.053740779768177,5.0,12.0,19.0
Southampton,63.2,3.5592946125222458,22.0,6181,41.4,63.2,79.3,0.32357223750202235,0.4853583562530335,0.4853583562530335,2.0,3.0,3.0
Southborough,19.4,8.799318762418393,93.0,10569,75.3,69.7,1.3,0.0946163307786924,0.3784653231147696,7.190841139180622,1.0,4.0,76.0
Southbridge,8.9,13.531426046614381,245.0,18106,18.4,5.9,13.2,0.662763724732133,2.5405942781398427,2.5958245885341875,12.0,46.0,47.0
Southwick,56.2,4.096151773202544,38.0,9277,72.7,30.9,88.5,0.10779346771585642,1.0779346771585643,0.3233804031475693,1.0,10.0,3.0
Spencer,47.0,4.880066170388751,59.0,12090,40.8,66.8,21.7,0.3308519437551696,0.41356492969396197,1.9851116625310175,4.0,5.0,24.0
Springfield,2.6,22.61634213108827,3503.0,154888,3.6,2.0,5.9,1.4462062909973659,3.9383296317338976,3.570321780899747,224.0,610.0,553.0
Sterling,59.2,3.8507821901323704,32.0,8310,52.0,40.5,94.7,0.24067388688327315,0.8423586040914561,0.12033694344163658,2.0,7.0,1.0
Stockbridge,83.9,2.014098690835851,4.0,1986,90.6,61.2,78.9,0.0,0.5035246727089627,0.5035246727089627,0.0,1.0,1.0
Stoneham,93.4,1.1812627291242361,29.0,24550,80.6,86.2,86.5,0.04073319755600814,0.20366598778004075,0.3665987780040733,1.0,5.0,9.0
Stoughton,22.0,8.385103710493262,247.0,29457,27.6,16.4,49.0,0.4752690362222901,1.595546050174831,1.2221203788573174,14.0,47.0,36.0
Stow,90.8,1.499659168370825,11.0,7335,90.6,67.8,90.5,0.0,0.40899795501022496,0.27266530334015,0.0,3.0,2.0
Sturbridge,21.7,8.418342081806477,85.0,10097,26.6,52.6,3.9,0.49519659304743985,0.5942359116569278,4.159651381598494,5.0,6.0,42.0
Sudbury,76.3,2.4741226962888163,49.0,19805,55.3,68.4,91.4,0.20196919969704621,0.40393839939409243,0.25246149962130776,4.0,8.0,5.0
Sunderland,23.0,8.269018743109152,30.0,3628,23.7,21.7,42.1,0.5512679162072768,1.3781697905181918,1.3781697905181918,2.0,5.0,5.0
Sutton,47.4,4.792165850609438,46.0,9599,42.8,60.2,30.9,0.3125325554745286,0.5208875924575477,1.6668402958641526,3.0,5.0,16.0
Swampscott,51.3,4.598288414867799,72.0,15658,49.0,35.9,81.6,0.25546046749265555,0.9579767530974581,0.4470558181121472,4.0,15.0,7.0
Swansea,45.1,5.017962023151052,88.0,17537,71.1,24.3,69.1,0.11404459143525118,1.254490505787763,0.6842675486115072,2.0,22.0,12.0
Taunton,9.2,13.191035908034099,817.0,61936,8.6,8.2,50.7,1.0979075174373547,2.1796693360888657,1.1624903125807284,68.0,135.0,72.0
Templeton,80.3,2.2654107547394777,19.0,8387,52.6,82.9,86.8,0.2384642899725766,0.2384642899725766,0.3576964349588649,2.0,2.0,3.0
Tewksbury,15.8,11.10202541200151,353.0,31796,16.4,18.1,10.2,0.7233614291105799,1.5096238520568623,2.9563467102780225,23.0,48.0,94.0
Tisbury,4.3,17.860767201136593,88.0,4927,1.0,27.0,9.2,2.232595900142074,1.217779581895677,3.044448954739192,11.0,6.0,15.0
Topsfield,55.3,4.229607250755287,28.0,6620,63.8,64.1,19.4,0.1510574018126888,0.45317220543806647,2.1148036253776437,1.0,3.0,14.0
Townsend,69.7,3.036876355748373,28.0,9220,72.4,58.2,60.9,0.10845986984815617,0.5422993492407809,0.8676789587852494,1.0,5.0,8.0
Truro,34.9,6.4412238325281805,16.0,2484,90.6,15.1,33.4,0.0,1.6103059581320451,1.6103059581320451,0.0,4.0,4.0
Tyngsborough,82.9,2.112841380389702,27.0,12779,62.2,75.7,85.2,0.1565067689177557,0.3130135378355114,0.3912669222943892,2.0,4.0,5.0
Upton,75.7,2.47787610619469,21.0,8475,69.7,83.6,50.3,0.11799410029498526,0.23598820058997053,1.1799410029498525,1.0,2.0,10.0
Uxbridge,85.2,1.9723865877712032,29.0,14703,78.6,90.5,38.8,0.0680133306128001,0.0680133306128001,1.4282799428688022,1.0,1.0,21.0
Wakefield,65.1,3.38855421686747,99.0,29216,43.8,67.1,73.7,0.3080503833515882,0.4107338444687842,0.6161007667031764,9.0,12.0,18.0
Walpole,77.6,2.387177446856883,63.0,26391,58.6,76.3,77.3,0.18945852752832404,0.30313364404531845,0.5304838770793073,5.0,8.0,14.0
Waltham,16.4,10.159607587055232,669.0,65849,14.8,15.5,48.7,0.8200580115111847,1.6097435040775108,1.2300870172667768,54.0,106.0,81.0
Ware,9.5,13.015184381778742,132.0,10142,2.3,39.1,22.0,1.6761979885624136,0.8873989351212779,1.9719976336028395,17.0,9.0,20.0
Wareham,7.9,13.942021593131003,328.0,23526,11.5,9.2,9.9,0.9351355946612259,2.0828020062909123,3.017937600952138,22.0,49.0,71.0
Warren,31.2,6.881635863153756,35.0,5086,33.6,34.9,23.0,0.39323633503735744,0.9830908375933936,1.966181675186787,2.0,5.0,10.0
Warwick,99.0,0.0,0.0,774,90.6,95.4,97.7,0.0,0.0,0.0,0.0,0.0,0.0
Watertown,27.3,7.336390162567737,264.0,35985,29.3,25.0,42.4,0.44462970682228703,1.2505210504376822,1.3616784771432542,16.0,45.0,49.0
Wayland,66.8,3.2019353920592,45.0,14054,44.7,79.3,56.6,0.2846164792941511,0.2846164792941511,0.9250035577059912,4.0,4.0,13.0
Webster,6.9,14.648930796430376,261.0,17817,33.9,3.3,7.6,0.39288320143683003,3.1430656114946403,3.255317954762306,7.0,56.0,58.0
Wellesley,86.2,1.9204916458613404,60.0,31242,67.4,84.5,74.3,0.12803277639075603,0.22405735868382307,0.6081556878560912,4.0,7.0,19.0
Wellfleet,86.5,1.9204389574759946,7.0,3645,90.6,95.4,24.3,0.0,0.0,1.9204389574759946,0.0,0.0,7.0
Wenham,53.3,4.448938321536906,22.0,4945,32.6,68.1,49.3,0.4044489383215369,0.4044489383215369,1.2133468149646107,2.0,2.0,6.0
West Boylston,82.6,2.1415973796926178,17.0,7938,68.1,70.1,86.2,0.12597631645250695,0.3779289493575208,0.3779289493575208,1.0,3.0,3.0
West Bridgewater,28.9,7.206279758074894,56.0,7771,26.0,38.5,24.0,0.514734268433921,0.9007849697593617,1.9302535066272037,4.0,7.0,15.0
West Brookfield,59.9,3.8294613224406433,15.0,3917,49.3,60.9,54.6,0.2552974214960429,0.5105948429920858,1.0211896859841716,1.0,2.0,4.0
West Newbury,56.9,4.0598290598290605,19.0,4680,90.6,85.5,6.9,0.0,0.21367521367521367,3.4188034188034186,0.0,1.0,16.0
West Springfield,13.2,11.816177483808737,343.0,29028,27.3,10.2,7.9,0.48229295852280557,2.066969822240595,3.2038032244729227,14.0,60.0,93.0
West Tisbury,76.0,2.474566950783613,9.0,3637,46.7,95.4,51.6,0.27495188342040144,0.0,1.0998075336816058,1.0,0.0,4.0
Westborough,35.5,6.403745086781787,145.0,22643,53.9,17.1,77.6,0.22081879609592367,1.5898953318906506,0.5299651106302169,5.0,36.0,12.0
Westfield,33.2,6.633170804148207,268.0,40403,38.8,31.2,29.6,0.3465089226047571,1.0642774051431825,1.7077939756948741,14.0,43.0,69.0
Westford,89.1,1.758312020460358,44.0,25024,90.6,71.4,69.4,0.0,0.3596547314578005,0.6793478260869565,0.0,9.0,17.0
Westminster,41.8,5.758608532142437,49.0,8509,36.8,44.7,25.7,0.35256786931484313,0.7051357386296863,1.8803619696791631,3.0,6.0,16.0
Weston,62.5,3.635748710577492,43.0,11827,76.3,53.3,38.5,0.08455229559482541,0.5918660691637778,1.4373890251120318,1.0,7.0,17.0
Westport,51.0,4.60939838371745,77.0,16705,60.2,41.4,50.0,0.17958695001496558,0.8380724334031726,1.197246333433104,3.0,14.0,20.0
Westwood,91.8,1.3911570797798343,23.0,16533,69.1,89.1,82.6,0.12097018085042037,0.12097018085042037,0.42339563297647126,2.0,2.0,7.0
Weymouth,25.3,7.679648930334613,462.0,60159,28.6,26.0,28.6,0.4488106517728021,1.2300736381921242,1.7453747568942304,27.0,74.0,105.0
Whately,77.0,2.4600246002460024,4.0,1626,90.6,51.0,74.0,0.0,0.6150061500615006,0.6150061500615006,0.0,1.0,1.0
Whitman,47.7,4.786855553399315,74.0,15459,56.9,40.8,44.7,0.19406171162429653,0.840934083705285,1.293744744161977,3.0,13.0,20.0
Wilbraham,49.0,4.637523017117916,68.0,14663,65.8,36.2,52.0,0.13639773579758577,0.9547841505831003,1.0911818863806861,2.0,14.0,16.0
Williamsburg,97.4,0.40404040404040403,1.0,2475,90.6,95.4,83.6,0.0,0.0,0.40404040404040403,0.0,0.0,1.0
Williamstown,87.2,1.8500380890194799,17.0,9189,90.6,75.0,60.2,0.0,0.32647730982696704,0.8706061595385788,0.0,3.0,8.0
Wilmington,40.1,5.881858667338879,140.0,23802,50.0,32.2,37.8,0.25207965717166625,1.0503319048819426,1.4704646668347197,6.0,25.0,35.0
Winchendon,14.5,11.42911117408142,121.0,10587,13.8,13.2,28.3,0.8500991782374611,1.7946538207235287,1.7946538207235287,9.0,19.0,19.0
Winchester,84.5,2.0039243518557175,48.0,23953,76.6,70.4,81.2,0.08349684799398822,0.37573581597294703,0.45923266396693524,2.0,9.0,11.0
Winthrop,41.4,5.763381183627728,108.0,18739,47.7,27.6,57.9,0.26682320294572814,1.174022092961204,0.9071988900154757,5.0,22.0,17.0
Woburn,69.1,3.075521129969245,135.0,43895,47.0,67.4,79.9,0.2733796559972662,0.41006948399589926,0.47841439799521585,12.0,18.0,21.0
Worcester,90.5,1.538199407438259,325.0,211286,67.8,85.9,91.1,0.1277888738487169,0.21298145641452818,0.26031066895108995,27.0,45.0,55.0
Wrentham,36.2,6.311920741450943,79.0,12516,90.6,14.5,45.7,0.0,1.6778523489932886,1.278363694471077,0.0,21.0,16.0
Yarmouth,16.1,10.790225325293559,272.0,25208,18.1,12.5,23.7,0.6743890828308474,1.8248175182481752,1.9438273563947954,17.0,46.0,49.0
