Rank,Town,Primary Town Name,Alternate Town Name,Matched_Alias,State,Zip,Total_Score,Tier,Commute_Score,Housing_Score,Crime_Score,High_Severity_Score,Medium_Severity_Score,Low_Severity_Score,Population,Price_Score,PPSF_Score,Tax_Score,Avg_Commute_Min,Min_Commute_Min,Max_Commute_Min,Distance_Miles,Commute_Runs,Last_Updated,Work2_Distance,Work2_Avg_Time,Work2_Min_Time,Work2_Max_Time,Median_Price,Price_Per_SqFt,Homes_Sold,Inventory,Tax_Rate_Per_1000,Est_Monthly_Tax,Price_Trend,Min_Monthly_Price,Max_Monthly_Price,Rank_Change
1,Dedham,Dedham,,,MA,02026,83.1,B+,100.0,70.4,56.5,54.9,62.1,72.0,25485.0,44.0,16.5,9.9,26.4,21,52,17,210,2026-07-31,17.95,23.57,23.57,23.57,766000.0,480,33,51,12.3,785.15,decreasing,766000,910000,1
2,Fayville,Fayville,Southborough,Southborough,MA,01745,82.5,B+,83.5,79.1,87.3,90.5,89.0,88.7,10569.0,46.3,24.3,8.6,34.96,27,70,24,210,2026-07-31,24.38,30.78,30.78,30.78,728750.0,376,2,3,14.36,872.07,increasing,420000,795000,-1
3,Waltham,Waltham,South Waltham,,MA,02453,82.1,B+,100.0,68.8,53.4,58.0,65.3,61.8,65849.0,45.1,13.7,10.0,11.94,9,30,6,210,2026-07-31,6.34,12.65,12.65,12.65,747500.0,527,4,3,10.32,642.85,decreasing,747500,1067500,0
4,Framingham,Framingham,,,MA,01702,78.6,B,80.7,92.8,38.7,50.9,21.9,65.5,73361.0,52.8,30.0,10.0,35.8,29,60,22,210,2026-07-31,18.78,35.32,35.32,35.32,620000.0,282,11,7,11.83,611.22,stable,579900,780000,1
5,Canton,Canton,,,MA,02021,77.3,B,84.9,72.8,62.2,52.3,79.5,76.5,25163.0,39.0,23.8,10.0,34.54,27,69,25,210,2026-07-31,25.39,31.28,31.28,31.28,868000.0,383,26,16,9.75,705.25,stable,800000,882500,1
6,East Walpole,East Walpole,,,MA,02032,76.6,B,78.0,74.5,,,,,,39.3,25.2,10.0,36.59,29,59,25,172,2026-07-31,28.47,34.12,34.12,34.12,863500.0,364,6,3,12.1,870.7,increasing,729100,1299000,-2
7,Berlin,Berlin,,,MA,01503,76.3,B,68.7,84.7,81.9,90.4,80.8,82.4,3479.0,45.9,30.0,8.8,39.38,34,74,28,210,2026-07-31,28.61,37.9,37.9,37.9,735000.0,288,5,5,14.06,861.18,stable,675000,1125000,1
8,Ashland,Ashland,,,MA,01721,76.2,B,69.6,85.4,76.6,86.2,60.5,85.8,19391.0,48.9,26.9,9.6,39.11,31,76,26,210,2026-07-31,26.28,35.52,35.52,35.52,685500.0,341,18,18,12.71,726.06,decreasing,625000,810000,-1
9,Everett,Everett,,,MA,02149,75.0,B,78.8,82.9,44.2,56.9,48.9,53.1,51825.0,49.2,24.1,9.7,36.37,29,73,20,210,2026-07-31,20.37,32.85,32.85,32.85,680000.0,379,11,12,12.62,715.13,stable,622000,700000,0
10,Framingham,Framingham,,,MA,01701,74.1,B-,80.7,79.8,38.7,50.9,21.9,65.5,73361.0,46.2,23.6,10.0,35.8,29,60,22,210,2026-07-31,18.78,35.32,35.32,35.32,730000.0,386,67,32,11.83,719.66,decreasing,655000,780000,1
11,Norwood,Norwood,,,MA,02062,74.1,B-,80.6,68.2,66.4,76.4,66.4,71.2,31764.0,41.0,17.2,10.0,35.83,28,67,24,210,2026-07-31,24.07,33.02,33.02,33.02,832500.0,471,30,18,9.82,681.26,increasing,720000,832500,-1
12,Hudson,Hudson,,,MA,01749,73.4,B-,66.2,84.6,71.6,77.9,73.8,76.3,20364.0,50.1,25.8,8.7,40.15,36,68,19,210,2026-07-31,20.37,39.27,39.27,39.27,665000.0,356,26,25,14.14,783.59,stable,634950,682500,1
13,Roxbury Crossing,Roxbury Crossing,"Boston, Mission Hill, Roxbury, Roxbury Xing",Boston,MA,02120,72.0,B-,76.9,95.8,0.0,9.4,36.9,5.7,673458.0,60.0,25.8,10.0,36.92,29,55,16,172,2026-07-31,16.89,34.88,34.88,34.88,467120.0,356,1,0,12.1,471.01,decreasing,467120,863000,-1
14,Avon,Avon,,,MA,02322,70.9,B-,61.4,91.9,53.6,79.2,35.4,61.8,4801.0,60.0,22.6,9.2,41.57,33,82,31,210,2026-07-31,31.51,36.65,36.65,36.65,470000.0,398,6,6,13.35,522.88,decreasing,470000,655000,0
15,Brighton,Brighton,Boston,Boston,MA,02135,70.9,B-,100.0,59.8,0.0,9.4,36.9,5.7,673458.0,39.2,10.8,9.8,27.77,21,59,16,210,2026-07-31,16.38,26.37,26.37,26.37,865000.0,584,11,4,12.4,893.83,decreasing,851000,1067500,1
16,Randolph,Randolph,,,MA,02368,70.6,B-,61.6,89.6,56.0,65.4,68.2,59.3,35114.0,53.3,26.2,10.0,41.52,33,80,29,210,2026-07-31,29.75,36.82,36.82,36.82,611000.0,350,38,32,11.58,589.62,stable,567500,625000,-1
17,West Roxbury,West Roxbury,Boston,Boston,MA,02132,70.1,B-,100.0,57.5,0.0,9.4,36.9,5.7,673458.0,36.7,10.8,10.0,29.62,24,43,17,172,2026-07-31,17.33,27.58,27.58,27.58,899500.0,584,34,32,12.1,907.0,stable,830000,935000,1
18,Marlborough,Marlborough,,,MA,01752,69.7,C+,63.2,91.8,39.5,36.8,55.7,57.2,42169.0,53.3,28.5,10.0,41.03,34,74,28,210,2026-07-31,21.98,39.8,39.8,39.8,612000.0,320,43,32,10.54,537.54,stable,580000,655000,-1
19,Hyde Park,Hyde Park,"Boston, Readville",Boston,MA,02136,68.5,C+,79.9,81.6,0.0,9.4,36.9,5.7,673458.0,50.5,21.4,9.8,36.04,30,65,23,210,2026-07-31,23.54,33.45,33.45,33.45,659000.0,415,31,25,12.4,680.97,decreasing,646500,715000,0
20,Sharon,Sharon,,,MA,02067,67.7,C+,61.4,67.1,90.0,93.8,89.3,91.1,18762.0,36.7,23.6,6.8,41.57,33,75,30,210,2026-07-31,30.34,37.18,37.18,37.18,900000.0,385,27,26,17.15,1286.25,stable,735000,979500,0
21,Walpole,Walpole,,,MA,02081,66.7,C+,62.2,72.3,68.6,78.5,76.0,68.8,26391.0,39.4,23.2,9.8,41.34,33,74,26,210,2026-07-31,26.45,38.28,38.28,38.28,862500.0,391,26,26,12.45,894.84,increasing,735000,862500,0
22,Northborough,Northborough,,,MA,01532,66.1,C+,49.5,79.0,91.1,97.9,95.8,86.5,15867.0,45.0,25.6,8.3,45.42,39,84,33,210,2026-07-31,33.78,44.07,44.07,44.07,749500.0,358,22,34,14.82,925.63,stable,682000,825000,4
23,East Boston,East Boston,Boston,Boston,MA,02128,65.2,C+,80.0,72.0,0.0,9.4,36.9,5.7,673458.0,46.7,15.3,10.0,35.99,28,57,22,172,2026-07-31,22.98,30.95,30.95,30.95,721500.0,496,12,8,12.1,727.51,decreasing,616312,840000,-1
24,Weymouth,Weymouth,,,MA,02188,65.2,C+,52.0,85.7,61.2,64.5,64.3,72.0,60159.0,56.4,19.3,10.0,44.41,35,88,33,210,2026-07-31,33.94,38.85,38.85,38.85,560000.0,443,13,17,10.12,472.27,decreasing,560000,660000,-1
25,Chelsea,Chelsea,,,MA,02150,65.0,C,73.0,81.3,0.0,0.0,33.1,11.8,40245.0,47.8,23.5,10.0,38.1,29,71,24,210,2026-07-31,22.42,34.92,34.92,34.92,703500.0,387,6,4,11.48,673.02,increasing,631000,902500,0
26,Millis,Millis,,,MA,02054,64.6,C,47.1,76.7,95.0,98.2,94.6,94.3,9338.0,43.0,25.7,8.0,47.63,39,80,29,210,2026-07-31,29.39,45.9,45.9,45.9,782500.0,357,16,13,15.31,998.34,increasing,725000,796000,3
27,Northbridge,Northbridge,,,MA,01534,64.6,C,42.1,91.0,77.7,89.0,80.1,75.7,16719.0,51.0,30.0,10.0,52.15,42,92,39,210,2026-07-31,39.03,48.82,48.82,48.82,650500.0,294,12,17,11.63,630.44,increasing,525000,737500,3
28,Hopedale,Hopedale,,,MA,01747,64.5,C,39.7,93.2,80.2,83.5,83.5,83.5,6063.0,55.8,30.0,7.4,54.23,44,97,39,210,2026-07-31,39.13,51.05,51.05,51.05,570000.0,254,9,10,16.25,771.88,stable,552500,640000,4
29,Upton,Upton,,,MA,01568,64.5,C,47.0,79.3,88.5,92.1,90.2,89.2,8475.0,41.5,28.3,9.4,47.74,38,87,36,210,2026-07-31,36.42,44.25,44.25,44.25,820000.0,322,15,15,13.08,893.8,stable,657500,820000,2
30,Holliston,Holliston,,,MA,01746,63.9,C,46.8,77.4,89.4,94.6,88.1,89.9,15347.0,45.5,23.3,8.6,47.85,40,86,27,210,2026-07-31,25.13,46.87,46.87,46.87,742200.0,389,32,20,14.29,883.84,stable,675000,784500,4
31,Milford,Milford,,,MA,01757,63.8,C,46.5,94.8,49.1,46.7,72.8,59.0,30640.0,55.5,29.7,9.6,48.14,38,90,37,210,2026-07-31,37.26,44.7,44.7,44.7,574950.0,304,34,28,12.69,608.01,stable,547450,595000,5
32,Revere,Revere,,,MA,02151,63.8,C,61.2,81.8,30.3,36.0,42.8,47.5,60702.0,50.1,21.7,10.0,41.63,34,91,25,210,2026-07-31,25.71,35.62,35.62,35.62,665000.0,411,24,20,8.94,495.42,stable,620000,697500,-5
33,South Easton,South Easton,,,MA,02375,63.7,C,49.8,83.5,,,,,,46.8,26.7,10.0,45.16,37,70,36,172,2026-07-31,36.91,42.23,42.23,42.23,720000.0,344,18,18,12.1,726.0,decreasing,601500,800000,-9
34,Medway,Medway,,,MA,02053,63.4,C,43.4,82.1,86.4,86.7,88.0,90.6,13836.0,44.5,28.8,8.8,50.91,42,85,31,210,2026-07-31,31.65,49.03,49.03,49.03,758250.0,316,26,13,14.0,884.62,stable,595000,758250,4
35,Braintree,Braintree,,,MA,02184,63.2,C,56.9,73.8,59.2,60.8,68.9,68.9,39134.0,43.2,20.6,10.0,42.93,34,81,30,210,2026-07-31,30.51,39.07,39.07,39.07,780000.0,426,47,26,10.06,653.9,stable,710000,800000,-7
36,Stoughton,Stoughton,,,MA,02072,63.1,C,52.8,83.7,49.6,63.8,52.5,55.9,29457.0,49.2,24.5,10.0,44.16,35,81,29,210,2026-07-31,29.32,41.12,41.12,41.12,680000.0,373,33,25,11.81,669.23,stable,565000,702500,-3
37,Winthrop,Winthrop,,,MA,02152,63.0,C,49.4,79.2,70.4,76.9,80.4,71.5,18739.0,43.5,25.6,10.0,45.58,36,91,26,210,2026-07-31,26.62,41.22,41.22,41.22,775000.0,358,10,16,11.14,719.46,increasing,680000,815000,-2
38,Roxbury,Roxbury,Boston,Boston,MA,02119,62.8,C,62.4,90.4,0.0,9.4,36.9,5.7,673458.0,53.8,26.8,9.8,41.27,32,77,22,210,2026-07-31,24.42,37.68,37.68,37.68,603500.0,343,2,7,12.4,623.62,stable,460867,1150000,-1
39,Shrewsbury,Shrewsbury,,,MA,01545,62.7,C,43.2,82.8,80.5,95.0,87.8,72.4,39620.0,45.0,27.8,10.0,51.16,44,93,36,210,2026-07-31,38.14,47.9,47.9,47.9,750000.0,330,49,54,11.5,718.75,stable,675000,780728,3
40,Roslindale,Roslindale,Boston,Boston,MA,02131,62.3,C,72.9,73.9,0.0,9.4,36.9,5.7,673458.0,46.5,17.6,9.8,38.13,30,69,19,210,2026-07-31,19.66,34.85,34.85,34.85,725000.0,466,19,15,12.4,749.17,decreasing,670000,935000,-1
41,Westborough,Westborough,,,MA,01581,62.0,C,51.7,80.0,54.2,64.7,66.1,57.3,22643.0,44.4,28.0,7.6,44.48,36,85,30,210,2026-07-31,32.56,40.15,40.15,40.15,759750.0,327,24,24,15.93,1008.57,decreasing,710000,937500,-1
42,Mansfield,Mansfield,,,MA,02048,61.5,C,45.7,82.8,64.3,79.2,75.1,60.4,24077.0,49.0,24.4,9.4,48.87,38,75,38,172,2026-07-31,38.72,40.87,40.87,40.87,683750.0,374,22,20,13.09,745.86,decreasing,610000,736000,1
43,Abington,Abington,,,MA,02351,61.0,C,42.0,89.7,57.5,63.9,58.1,68.5,17090.0,54.9,25.3,9.6,52.19,44,92,36,210,2026-07-31,36.79,47.0,47.0,47.0,585000.0,363,21,13,12.81,624.49,decreasing,552500,638750,2
44,Foxborough,Foxborough,Foxboro,,MA,02035,60.6,C,49.8,80.9,48.9,56.5,72.5,50.6,18791.0,45.7,25.2,10.0,45.14,36,82,35,210,2026-07-31,35.06,41.2,41.2,41.2,738000.0,364,23,20,12.1,744.15,increasing,635000,755000,0
45,North Easton,North Easton,,,MA,02356,60.6,C,46.0,81.5,,,,,,41.9,29.5,10.0,48.6,40,90,37,210,2026-07-31,37.07,44.47,44.47,44.47,806500.0,306,16,17,12.1,813.22,decreasing,755000,864000,1
46,South Weymouth,South Weymouth,"S Weymouth, Weymouth",Weymouth,MA,02190,60.3,C,49.4,75.5,61.2,64.5,64.3,72.0,60159.0,43.6,21.9,10.0,45.5,37,74,35,172,2026-07-31,35.09,41.9,41.9,41.9,772500.0,408,28,13,12.1,778.94,increasing,670000,772500,-5
47,East Weymouth,East Weymouth,Weymouth,Weymouth,MA,02189,60.1,C,47.3,77.8,61.2,64.5,64.3,72.0,60159.0,46.4,21.4,10.0,47.44,39,75,35,172,2026-07-31,35.83,43.27,43.27,43.27,727500.0,414,14,10,12.1,733.56,stable,579950,732000,0
48,North Weymouth,North Weymouth,"N Weymouth, Weymouth",Weymouth,MA,02191,60.1,C,46.4,79.2,61.2,64.5,64.3,72.0,60159.0,48.9,20.2,10.0,48.24,40,74,34,172,2026-07-31,34.76,44.75,44.75,44.75,685000.0,430,14,10,12.1,690.71,increasing,548375,705500,0
49,Dorchester,Dorchester,"Boston, Grove Hall",Boston,MA,02121,58.6,C-,54.1,90.1,0.0,9.4,36.9,5.7,673458.0,50.3,30.0,9.8,43.76,36,79,22,210,2026-07-31,22.1,39.5,39.5,39.5,662000.0,299,2,2,12.4,684.07,increasing,400000,815000,0
50,Whitman,Whitman,,,MA,02382,58.3,C-,34.8,93.2,54.9,59.0,63.3,64.8,15459.0,56.1,27.8,9.2,58.66,49,101,40,210,2026-07-31,39.74,54.43,54.43,54.43,565000.0,329,23,11,13.29,625.74,stable,528500,580000,0
51,Holbrook,Holbrook,,,MA,02343,57.7,C-,46.4,87.6,25.4,41.9,33.0,39.1,11475.0,55.5,22.1,10.0,48.21,40,87,34,210,2026-07-31,34.24,43.05,43.05,43.05,575000.0,405,23,21,12.11,580.27,increasing,527250,587500,1
52,Brockton,Brockton,,,MA,02302,57.2,C-,46.5,97.1,0.0,4.4,0.0,37.0,105788.0,60.0,27.1,10.0,48.11,39,90,36,210,2026-07-31,34.82,43.25,43.25,43.25,480000.0,339,57,21,11.63,465.2,stable,474950,504000,2
53,Dorchester,Dorchester,"Boston, Uphams Corner",Boston,MA,02125,57.0,C-,54.1,85.6,0.0,9.4,36.9,5.7,673458.0,54.0,21.8,9.8,43.76,36,79,22,210,2026-07-31,22.1,39.5,39.5,39.5,600000.0,409,5,0,12.4,620.0,decreasing,420000,1300000,-2
54,Brockton,Brockton,,,MA,02301,56.7,C-,46.5,95.5,0.0,4.4,0.0,37.0,105788.0,57.0,28.5,10.0,48.11,39,90,36,210,2026-07-31,34.82,43.25,43.25,43.25,550000.0,320,48,52,11.63,533.04,stable,502500,550000,1
55,Wrentham,Wrentham,,,MA,02093,56.7,C-,44.9,71.5,61.5,73.4,76.0,59.4,12516.0,36.7,24.8,10.0,49.56,40,84,37,210,2026-07-31,37.1,45.78,45.78,45.78,900000.0,369,17,20,11.67,875.25,increasing,637500,900000,1
56,Dorchester,Dorchester,Boston,Boston,MA,02122,56.4,C-,54.1,83.8,0.0,9.4,36.9,5.7,673458.0,53.4,20.6,9.8,43.76,36,79,22,210,2026-07-31,22.1,39.5,39.5,39.5,610000.0,426,1,3,12.4,630.33,decreasing,610000,1063750,-3
57,Mattapan,Mattapan,Boston,Boston,MA,02126,55.7,C-,53.1,83.2,0.0,9.4,36.9,5.7,673458.0,52.2,21.2,9.8,44.08,36,78,22,210,2026-07-31,28.33,40.7,40.7,40.7,630000.0,417,5,8,12.4,651.0,stable,560000,699000,0
58,Quincy,Quincy,,,MA,02169,54.4,D,43.9,80.9,27.8,46.5,45.3,31.2,103434.0,49.0,21.9,10.0,50.47,39,87,31,40,2026-04-02,31.08,39.58,39.58,39.58,682500.0,408,34,11,11.78,669.99,increasing,629000,742500,0
59,Dorchester Center,Dorchester Center,"Boston, Dorchester, Dorchestr Ctr",Boston,MA,02124,51.1,D,49.1,75.8,0.0,9.4,36.9,5.7,673458.0,45.9,19.9,10.0,45.81,37,61,22,172,2026-07-31,27.16,41.35,41.35,41.35,735000.0,435,11,16,12.1,741.12,decreasing,639950,857000,0
60,Quincy,Quincy,Wollaston,,MA,02170,50.0,D,43.9,68.3,27.8,46.5,45.3,31.2,103434.0,44.1,14.2,10.0,50.47,39,87,31,40,2026-04-02,31.08,39.58,39.58,39.58,765000.0,515,17,6,11.78,750.98,increasing,700000,781500,0
61,Quincy,Quincy,"North Quincy, Squantum",,MA,02171,48.7,F,43.9,64.6,27.8,46.5,45.3,31.2,103434.0,41.7,12.9,10.0,50.47,39,87,31,40,2026-04-02,31.08,39.58,39.58,39.58,815000.0,541,6,12,11.78,800.06,increasing,717500,934500,0
