Town,State,Zip,Distance,Total_Runs,Last_Run_Date,Min_Time,Max_Time,Average_Time
Abington,MA,02351,36,284,2026-09-22,44,92,53.03
Acton,MA,01718,13,38,2026-04-01,24,54,28.48
Allston,MA,02134,19,284,2026-09-22,21,56,28.9
Amesbury,MA,01913,43,38,2026-04-01,46,102,53.75
Amherst,NH,03031,43,38,2026-04-01,50,114,57.75
Arlington,MA,02474,7,38,2026-04-01,18,37,20.89
Ashby,MA,01431,41,38,2026-04-01,57,109,64.46
Ashland,MA,01721,26,284,2026-09-22,31,76,39.75
Atkinson,NH,03811,37,38,2026-04-01,44,101,51.87
Auburndale,MA,02466,10,284,2026-09-22,15,42,18.43
Avon,MA,02322,31,284,2026-09-22,33,82,42.41
Ayer,MA,01432,23,38,2026-04-01,33,71,38.78
Bedford,MA,01730,3,284,2026-09-22,7,26,9.6
Bellingham,MA,02019,43,38,2026-04-01,48,95,57.86
Belmont,MA,02478,7,284,2026-09-22,14,36,17.95
Berlin,MA,01503,28,284,2026-09-22,34,74,39.77
Beverly,MA,01915,30,38,2026-04-01,30,85,41.02
Billerica,MA,01821,7,38,2026-04-01,17,46,20.07
Blackstone,MA,01504,47,38,2026-04-01,55,103,65.52
Bolton,MA,01740,24,38,2026-04-01,33,68,39.94
Boston,MA,02108,21,40,2026-04-02,28,75,36.37
Boxborough,MA,01719,16,38,2026-04-01,29,56,35.03
Boxford,MA,01921,30,38,2026-04-01,34,95,44.17
Boylston,MA,01505,37,38,2026-04-01,46,90,52.39
Braintree,MA,02184,30,284,2026-09-22,34,81,43.68
Brighton,MA,02135,16,284,2026-09-22,21,59,28.03
Brockton,MA,02301,36,284,2026-09-22,39,90,48.97
Brookline,MA,02445,17,284,2026-09-22,26,62,32.46
Brookline,NH,03033,38,38,2026-04-01,51,114,58.74
Burlington,MA,01803,7,38,2026-04-01,13,33,16.16
Byfield,MA,01922,35,38,2026-04-01,36,99,45.86
Cambridge,MA,02138,11,40,2026-04-02,20,48,24.53
Canton,MA,02021,25,284,2026-09-22,27,69,35.13
Carlisle,MA,01741,8,38,2026-04-01,18,46,20.92
Charlestown,MA,02129,19,284,2026-09-22,23,65,31.64
Chelmsford,MA,01824,15,38,2026-04-01,19,60,25.5
Chelsea,MA,02150,24,284,2026-09-22,29,71,38.68
Chestnut Hill,MA,02467,15,284,2026-09-22,22,58,28.57
Clinton,MA,01510,28,38,2026-04-01,41,81,47.69
Cohasset,MA,02025,43,38,2026-04-01,56,107,67.78
Concord,MA,01742,5,284,2026-09-22,11,26,12.55
Danvers,MA,01923,23,38,2026-04-01,29,83,38.28
Dedham,MA,02026,17,284,2026-09-22,21,52,26.6
Derry,NH,03038,40,38,2026-04-01,42,111,50.59
Devens,MA,01434,25,38,2026-04-01,35,72,41.41
Dorchester,MA,02121,22,284,2026-09-22,36,79,44.24
Dorchester Center,MA,02124,22,246,2026-09-22,37,64,46.74
Dover,MA,02030,21,284,2026-09-22,26,60,31.76
Dracut,MA,01826,19,38,2026-04-01,31,85,37.86
Dunstable,MA,01827,25,38,2026-04-01,31,85,38.05
East Boston,MA,02128,22,246,2026-09-22,28,57,36.56
East Walpole,MA,02032,25,246,2026-09-22,29,59,37.61
East Weymouth,MA,02189,35,246,2026-09-22,39,75,49.0
Essex,MA,01929,35,38,2026-04-01,42,103,51.15
Everett,MA,02149,20,284,2026-09-22,28,73,37.02
Fayville,MA,01745,24,284,2026-09-22,27,70,35.51
Fitchburg,MA,01420,34,38,2026-04-01,47,93,54.36
Foxboro,MA,02035,35,284,2026-09-22,36,82,45.93
Framingham,MA,01701,22,284,2026-09-22,29,60,36.13
Franklin,MA,02038,43,38,2026-04-01,47,93,56.83
Georgetown,MA,01833,33,38,2026-04-01,37,98,46.78
Grafton,MA,01519,42,38,2026-04-01,47,93,56.77
Greenville,NH,03048,46,38,2026-04-01,64,129,71.05
Groton,MA,01450,26,38,2026-04-01,34,80,40.38
Groveland,MA,01834,35,38,2026-04-01,41,106,50.47
Hampstead,NH,03841,40,38,2026-04-01,47,113,55.27
Hanscom AFB,MA,01731,1,246,2026-09-22,5,10,6.28
Harvard,MA,01451,21,38,2026-04-01,30,63,34.98
Haverhill,MA,01830,37,38,2026-04-01,40,95,47.91
Hingham,MA,02043,39,284,2026-09-22,45,98,56.26
Holbrook,MA,02343,34,284,2026-09-22,40,87,48.96
Holden,MA,01520,46,38,2026-04-01,55,111,62.31
Hollis,NH,03049,35,38,2026-04-01,42,102,49.08
Holliston,MA,01746,27,284,2026-09-22,40,86,48.41
Hopedale,MA,01747,39,284,2026-09-22,44,97,55.0
Hopkinton,MA,01748,32,284,2026-09-22,33,82,42.45
Hudson,MA,01749,19,284,2026-09-22,36,68,40.44
Hudson,NH,03051,29,38,2026-04-01,34,91,41.33
Hull,MA,02045,44,38,2026-04-01,62,108,73.64
Hyde Park,MA,02136,23,284,2026-09-22,30,65,36.45
Ipswich,MA,01938,33,38,2026-04-01,42,104,52.17
Jamaica Plain,MA,02130,19,284,2026-09-22,29,68,35.97
Jefferson,MA,01522,43,38,2026-04-01,54,109,61.3
Lancaster,MA,01523,28,38,2026-04-01,37,76,42.77
Lawrence,MA,01840,27,38,2026-04-01,34,87,41.39
Leominster,MA,01453,28,38,2026-04-01,37,76,44.09
Lexington,MA,02420,3,284,2026-09-22,8,17,9.63
Lincoln,MA,01773,5,284,2026-09-22,11,21,12.25
Litchfield,NH,03052,36,38,2026-04-01,45,108,52.64
Littleton,MA,01460,16,38,2026-04-01,26,56,32.26
Londonderry,NH,03053,41,38,2026-04-01,44,117,53.16
Lowell,MA,01850,18,38,2026-04-01,28,82,35.73
Lunenburg,MA,01462,33,38,2026-04-01,44,89,51.88
Lynn,MA,01901,22,38,2026-04-01,37,92,47.09
Lynnfield,MA,01940,14,38,2026-04-01,20,64,28.74
Malden,MA,02148,16,38,2026-04-01,29,71,37.07
Manchester,MA,01944,31,38,2026-04-01,36,94,45.26
Mansfield,MA,02048,38,246,2026-09-22,38,77,50.27
Marblehead,MA,01945,28,38,2026-04-01,46,106,57.3
Marlborough,MA,01752,28,284,2026-09-22,34,74,41.23
Mattapan,MA,02126,22,284,2026-09-22,36,78,44.63
Maynard,MA,01754,13,38,2026-04-01,25,45,28.51
Medfield,MA,02052,25,284,2026-09-22,31,69,38.69
Medford,MA,02155,15,284,2026-09-22,19,50,24.69
Medway,MA,02053,31,284,2026-09-22,42,85,51.59
Melrose,MA,02176,15,38,2026-04-01,25,68,33.2
Mendon,MA,01756,40,38,2026-04-01,51,99,61.12
Merrimac,MA,01860,39,38,2026-04-01,41,96,49.14
Merrimack,NH,03054,36,38,2026-04-01,39,100,46.24
Methuen,MA,01844,26,38,2026-04-01,29,83,36.79
Middleton,MA,01949,19,38,2026-04-01,30,79,38.17
Milford,MA,01757,37,284,2026-09-22,38,90,48.89
Millis,MA,02054,29,284,2026-09-22,39,80,48.23
Milton,MA,02186,27,284,2026-09-22,30,74,38.49
Nahant,MA,01908,25,38,2026-04-01,42,100,52.48
Nashua,NH,03060,28,38,2026-04-01,31,85,38.26
Natick,MA,01760,21,284,2026-09-22,27,64,34.43
Needham,MA,02492,16,284,2026-09-22,22,54,28.06
Needham Heights,MA,02494,14,246,2026-09-22,16,32,21.29
Newbury,MA,01951,42,38,2026-04-01,47,112,55.86
Newton,MA,02458,15,284,2026-09-22,18,56,24.39
Newton,NH,03858,41,38,2026-04-01,47,108,54.94
Newton Center,MA,02459,15,246,2026-09-22,21,39,26.43
Newton Highlands,MA,02461,14,246,2026-09-22,19,35,24.03
Newton Lower Falls,MA,02462,11,246,2026-09-22,13,26,16.93
Newton Upper Falls,MA,02464,12,246,2026-09-22,17,32,21.2
Newtonville,MA,02460,13,246,2026-09-22,21,36,25.73
Norfolk,MA,02056,30,284,2026-09-22,41,83,49.23
North Andover,MA,01845,25,38,2026-04-01,35,88,41.73
North Easton,MA,02356,37,284,2026-09-22,40,90,49.56
North Weymouth,MA,02191,34,246,2026-09-22,40,74,49.73
Northborough,MA,01532,33,284,2026-09-22,39,84,45.96
Northbridge,MA,01534,39,284,2026-09-22,42,92,52.98
Norwell,MA,02061,41,38,2026-04-01,48,100,61.17
Norwood,MA,02062,24,284,2026-09-22,28,67,36.36
Peabody,MA,01960,20,38,2026-04-01,25,76,35.36
Pelham,NH,03076,23,38,2026-04-01,39,97,46.49
Pepperell,MA,01463,30,38,2026-04-01,38,97,45.43
Plainville,MA,02762,40,38,2026-04-01,47,90,58.06
Plaistow,NH,03865,36,38,2026-04-01,42,96,50.02
Princeton,MA,01541,42,38,2026-04-01,53,104,59.73
Quincy,MA,02169,31,40,2026-04-02,39,87,50.47
Randolph,MA,02368,29,284,2026-09-22,33,80,42.21
Reading,MA,01867,13,38,2026-04-01,20,61,26.43
Revere,MA,02151,25,284,2026-09-22,33,91,42.37
Rockland,MA,02370,40,38,2026-04-01,49,97,60.52
Roslindale,MA,02131,19,284,2026-09-22,30,69,38.49
Rowley,MA,01969,38,38,2026-04-01,44,108,53.07
Roxbury,MA,02119,22,284,2026-09-22,32,77,41.78
Roxbury Crossing,MA,02120,16,246,2026-09-22,29,55,37.56
Salem,MA,01970,23,38,2026-04-01,33,90,43.91
Salem,NH,03079,31,38,2026-04-01,37,95,45.09
Sandown,NH,03873,45,38,2026-04-01,56,117,64.09
Saugus,MA,01906,22,38,2026-04-01,28,74,36.81
Scituate,MA,02066,47,38,2026-04-01,57,108,69.13
Sharon,MA,02067,30,284,2026-09-22,33,75,42.23
Sherborn,MA,01770,22,284,2026-09-22,30,72,37.81
Shirley,MA,01464,26,38,2026-04-01,38,77,45.04
Shrewsbury,MA,01545,36,284,2026-09-22,44,93,51.76
Somerset,MA,02726,63,38,2026-04-01,66,114,76.19
Somerville,MA,02143,12,40,2026-04-02,28,64,34.23
South Boston,MA,02127,23,246,2026-09-22,28,57,36.12
South Easton,MA,02375,36,246,2026-09-22,37,70,46.53
South Grafton,MA,01560,43,246,2026-09-22,43,76,53.2
South Hamilton,MA,01982,28,38,2026-04-01,36,94,45.95
South Walpole,MA,02071,32,246,2026-09-22,33,64,42.69
South Weymouth,MA,02190,35,246,2026-09-22,37,74,47.07
Southborough,MA,01772,26,284,2026-09-22,30,75,39.4
Sterling,MA,01564,34,38,2026-04-01,42,90,49.2
Stoneham,MA,02180,12,38,2026-04-01,20,57,26.45
Stoughton,MA,02072,29,284,2026-09-22,35,81,44.8
Stow,MA,01775,15,38,2026-04-01,28,53,32.98
Sudbury,MA,01776,13,284,2026-09-22,23,49,27.22
Swampscott,MA,01907,24,38,2026-04-01,40,97,50.99
Tewksbury,MA,01876,16,38,2026-04-01,28,70,32.64
Topsfield,MA,01983,26,38,2026-04-01,31,88,40.78
Townsend,MA,01469,35,38,2026-04-01,49,106,55.94
Tyngsboro,MA,01879,22,38,2026-04-01,25,74,32.03
Upton,MA,01568,36,284,2026-09-22,38,87,48.52
Waban,MA,02468,12,284,2026-09-22,16,45,20.33
Wakefield,MA,01880,13,38,2026-04-01,20,59,27.62
Walpole,MA,02081,26,284,2026-09-22,33,74,41.86
Waltham,MA,02451,6,284,2026-09-22,9,30,12.04
Watertown,MA,02472,9,284,2026-09-22,21,49,25.06
Wayland,MA,01778,11,284,2026-09-22,18,40,22.82
Wellesley,MA,02482,14,284,2026-09-22,22,61,28.87
Wellesley Hills,MA,02481,12,246,2026-09-22,17,34,22.59
Wenham,MA,01984,26,38,2026-04-01,32,89,42.4
West Bridgewater,MA,02379,41,284,2026-09-22,43,93,53.36
West Newton,MA,02465,11,246,2026-09-22,19,34,23.13
West Roxbury,MA,02132,17,246,2026-09-22,24,43,29.97
Westborough,MA,01581,30,284,2026-09-22,36,85,45.03
Westford,MA,01886,23,38,2026-04-01,28,70,34.34
Weston,MA,02493,9,284,2026-09-22,12,38,16.39
Westwood,MA,02090,20,284,2026-09-22,23,60,31.69
Weymouth,MA,02188,33,284,2026-09-22,35,88,45.38
Whitinsville,MA,01588,41,38,2026-04-01,53,100,63.38
Whitman,MA,02382,40,284,2026-09-22,49,101,59.6
Wilmington,MA,01887,15,38,2026-04-01,19,62,26.3
Winchester,MA,01890,7,38,2026-04-01,17,35,20.63
Windham,NH,03087,35,38,2026-04-01,39,104,48.03
Winthrop,MA,02152,26,284,2026-09-22,36,91,46.29
Woburn,MA,01801,9,38,2026-04-01,15,41,19.77
Wrentham,MA,02093,37,284,2026-09-22,40,84,50.48
